{"loss": [1.3174960613250732, 0.5756692886352539, 0.2682855427265167, 0.2041531503200531, 0.1729365587234497], "categorical_accuracy": [0.3948749899864197, 0.804645836353302, 0.9179375171661377, 0.9365624785423279, 0.944979190826416], "val_loss": [0.8617045283317566, 0.2792394459247589, 0.1953440010547638, 0.1635633111000061, 0.1425742506980896], "val_categorical_accuracy": [0.4990312457084656, 0.9143750071525574, 0.9383749961853027, 0.948843777179718, 0.9509062767028809]}