{"loss": [0.6398528218269348, 0.19932271540164948, 0.11967754364013672, 0.09057439118623734, 0.07125289738178253], "categorical_accuracy": [0.7999374866485596, 0.9437500238418579, 0.9676666855812073, 0.9738541841506958, 0.9793333411216736], "val_loss": [0.21147994697093964, 0.10805600881576538, 0.07572697848081589, 0.05437330901622772, 0.04903062433004379], "val_categorical_accuracy": [0.9464062452316284, 0.9694374799728394, 0.9771875143051147, 0.9844062328338623, 0.9843437671661377]}