{"loss": [1.0279744863510132, 0.36968159675598145, 0.23691770434379578, 0.177033931016922, 0.12973549962043762], "categorical_accuracy": [0.5967291593551636, 0.8850208520889282, 0.9336875081062317, 0.953208327293396, 0.9657291769981384], "val_loss": [0.4350419044494629, 0.22207322716712952, 0.1527838259935379, 0.09691458195447922, 0.07832968980073929], "val_categorical_accuracy": [0.8706562519073486, 0.9434375166893005, 0.9630937576293945, 0.9766562581062317, 0.9796249866485596]}