{"loss": [0.8375468850135803, 0.22436366975307465, 0.13755212724208832, 0.09941507130861282, 0.07828660309314728], "categorical_accuracy": [0.7021250128746033, 0.937624990940094, 0.963895857334137, 0.971875011920929, 0.9760000109672546], "val_loss": [0.24777479469776154, 0.11952680349349976, 0.0844338908791542, 0.05676717311143875, 0.04761214554309845], "val_categorical_accuracy": [0.9429687261581421, 0.9663125276565552, 0.9767500162124634, 0.9821249842643738, 0.9851874709129333]}