{"loss": [0.7828711867332458, 0.23617352545261383, 0.1570313721895218, 0.12572433054447174, 0.10874488204717636], "categorical_accuracy": [0.7400624752044678, 0.9358958601951599, 0.9606666564941406, 0.9658541679382324, 0.9695416688919067], "val_loss": [0.2808111906051636, 0.1525319516658783, 0.11228020489215851, 0.0957828164100647, 0.08221162855625153], "val_categorical_accuracy": [0.9156875014305115, 0.9633125066757202, 0.9693437218666077, 0.9734687209129333, 0.9754062294960022]}